{
  "serviceConfig": {
    "port": 80,
    "name": "emissionwidgets solution",
    "appUIUrl": "http://emissionwidgets-ui"
  },
  "mongoConnection": "mongodb://root:Landmark1@10.133.64.115:27017/edge?authSource=admin",
  "rabbitConnection": "amqp://edge:Lanf=dmark1@rabbitmq/edge",
  "rabbitMqConfig": {
    "settings": {
      "type": "default",
      "exchange": "EmissionWidgets",
      "exchangeType": "direct",
      "queueExclusive": true,
      "routingKey": "emissionedge",
      "durable": true
    }
  }
}
