[
   {
      "id": "d84b8ee8-9a01-4952-a373-b0b52ad37380",
      "moduleClass": "com.hal.osh.insite.consumer.InsiteSensorModule",
      "name": "EDB Burner Insite Sensor Module",
      "autoStart": true,
      "databusKey": "EdgeEDBBurner",
      "mqttServerAddress": "tcp://edge-connectors_mqtt:1883",
      "insiteBridgeName": "AzureVM",
      "usePrimaryInsiteBridge": true,
      "record": "BAR ROP Opt Out",
      "descriptor": "EDB Read",
      "isWellBased": false,
      "useMqttEnv": true,
      "variables": [
         {
            "variableName": "Drilling RPM",
            "signalKey": "RPM",
            "inUnitMeasure": "MEASURE_rpm",
            "unitClass": "CLASS_none"
         },
         {
            "variableName": "IterationCount",
            "signalKey": "Activity",
            "inUnitMeasure": "MEASURE_unitless",
            "unitClass": "CLASS_none"
         },
         {
            "variableName": "Flow Rate",
            "signalKey": "FlowRate",
            "inUnitMeasure": "MEASURE_unitless",
            "unitClass": "CLASS_none"
         }
      ]
   },
   {
      "id": "0fae2501-d03c-4972-bdce-493ec1801bb5",
      "moduleClass": "com.hal.osh.edge.rmq.publisher.RmqSenderService",
      "name": "EDGE EDB Burner RMQ Publisher Service",
      "autoStart": true,
      "databusKey": "EdgeEDBBurner",
      "useRmqEnv": true,
      "outputs": [
         {
            "routingKey": "emissionedge",
            "variables": [
               {
                  "signalKey": "FlowRate",
                  "variableName": "FlowRate",
                  "outUnitMeasure": "MEASURE_gpm",
                  "outUnitClass": "CLASS_flow"
               },
               {
                  "signalKey": "RPM",
                  "variableName": "RPM",
                  "outUnitMeasure": "MEASURE_rpm",
                  "outUnitClass": "CLASS_none"
               },
               {
                  "signalKey": "Activity",
                  "variableName": "Activity",
                  "outUnitMeasure": "MEASURE_unitless",
                  "outUnitClass": "CLASS_none"
               }
            ]
         }
      ],
      "rabbitSettings": {
         "connectionString": "amqp://edge:Landmark1@10.133.64.115:5672/edge",
         "exchangeName": "EmissionWidgets",
         "exchangeType": "direct",
         "exchangeDurable": true
      }
   }
]